kuntanumero|nimi|URI
001|Ahlainen|http://www.yso.fi/onto/yso/p109572
002|Aitolahti|http://www.yso.fi/onto/yso/p109220
003, 020|Akaa|
004|Alahärmä|http://www.yso.fi/onto/yso/p94083
005|Alajärvi|http://www.yso.fi/onto/yso/p94084
006|Alastaro|http://www.yso.fi/onto/yso/p94085
007|Alatornio|http://www.yso.fi/onto/yso/p105299
008|Alaveteli|http://www.yso.fi/onto/yso/p105924
009|Alavieska|http://www.yso.fi/onto/yso/p105329
010|Alavus|http://www.yso.fi/onto/yso/p94086
011|Angelniemi|http://www.yso.fi/onto/yso/p110755
012|Anjala|http://www.yso.fi/onto/yso/p105732
013|Antrea|http://www.yso.fi/onto/yso/p105731
014|Anttola|http://www.yso.fi/onto/yso/p105118
015|Artjärvi|http://www.yso.fi/onto/yso/p107117
016|Asikkala|http://www.yso.fi/onto/yso/p105912
017|Askainen|http://www.yso.fi/onto/yso/p115085
018|Askola|http://www.yso.fi/onto/yso/p105425
019|Aura|http://www.yso.fi/onto/yso/p108748
032|Bergö|http://www.yso.fi/onto/yso/p111905
033|Björköby|http://www.yso.fi/onto/yso/p107640
034|Bromarv|http://www.yso.fi/onto/yso/p94096
035|Brändö|http://www.yso.fi/onto/yso/p108351
039|Degerby|http://www.yso.fi/onto/yso/p110168
040|Dragsfjärd|http://www.yso.fi/onto/yso/p94101
043|Eckerö|http://www.yso.fi/onto/yso/p105649
044|Elimäki|http://www.yso.fi/onto/yso/p105267
045|Eno|http://www.yso.fi/onto/yso/p105060
046|Enonkoski|http://www.yso.fi/onto/yso/p105224
047|Enontekiö|http://www.yso.fi/onto/yso/p94104
048|Eräjärvi|http://www.yso.fi/onto/yso/p108821
049|Espoo|http://www.yso.fi/onto/yso/p94105
050|Eura|http://www.yso.fi/onto/yso/p94108
051|Eurajoki|http://www.yso.fi/onto/yso/p94109
052|Evijärvi|http://www.yso.fi/onto/yso/p94112
060|Finström|http://www.yso.fi/onto/yso/p94113
061|Forssa|http://www.yso.fi/onto/yso/p94114
062|Föglö|http://www.yso.fi/onto/yso/p105418
065|Geta|http://www.yso.fi/onto/yso/p106035
068|Haaga|http://www.yso.fi/onto/yso/p109785
069|Haapajärvi|http://www.yso.fi/onto/yso/p105369
070|Haapasaari|http://www.yso.fi/onto/yso/p94119
071|Haapavesi|http://www.yso.fi/onto/yso/p94120
072|Hailuoto|http://www.yso.fi/onto/yso/p94121
073|Halikko|http://www.yso.fi/onto/yso/p94122
074|Halsua|http://www.yso.fi/onto/yso/p94123
075|Hamina|http://www.yso.fi/onto/yso/p94124
076|Hammarland|http://www.yso.fi/onto/yso/p94125
077|Hankasalmi|http://www.yso.fi/onto/yso/p105862
078|Hanko|http://www.yso.fi/onto/yso/p94126
079|Harjavalta|http://www.yso.fi/onto/yso/p94127
080|Harlu|http://www.yso.fi/onto/yso/p108882
081|Hartola|http://www.yso.fi/onto/yso/p94128
082|Hattula|http://www.yso.fi/onto/yso/p94129
083|Hauho|http://www.yso.fi/onto/yso/p105263
084|Haukipudas|http://www.yso.fi/onto/yso/p94130
085|Haukivuori|http://www.yso.fi/onto/yso/p110723
086|Hausjärvi|http://www.yso.fi/onto/yso/p94132
087|Heinjoki|http://www.yso.fi/onto/yso/p94133
088, 111|Heinola|http://www.yso.fi/onto/yso/p94134
089|Heinolan maalaiskunta|http://www.yso.fi/onto/yso/p105419
090|Heinävesi|http://www.yso.fi/onto/yso/p105313
091|Helsinki|http://www.yso.fi/onto/yso/p94137
092|Vantaa|http://www.yso.fi/onto/yso/p94474
093|Hiitola|http://www.yso.fi/onto/yso/p107683
094|Hiittinen|http://www.yso.fi/onto/yso/p94141
095|Himanka|http://www.yso.fi/onto/yso/p105810
096|Hinnerjoki|http://www.yso.fi/onto/yso/p105358
097|Hirvensalmi|http://www.yso.fi/onto/yso/p105231
098|Hollola|http://www.yso.fi/onto/yso/p94142
099|Honkajoki|http://www.yso.fi/onto/yso/p110198
100|Honkilahti|http://www.yso.fi/onto/yso/p105264
101|Houtskari|http://www.yso.fi/onto/yso/p106111
102|Huittinen|http://www.yso.fi/onto/yso/p105148
103|Humppila|http://www.yso.fi/onto/yso/p108252
104|Huopalahti|http://www.yso.fi/onto/yso/p110185
105|Hyrynsalmi|http://www.yso.fi/onto/yso/p105198
106|Hyvinkää|http://www.yso.fi/onto/yso/p94143
107|Hyvinkään maalaiskunta|http://www.yso.fi/onto/yso/p112472
108|Hämeenkyrö|http://www.yso.fi/onto/yso/p94147
109|Hämeenlinna|http://www.yso.fi/onto/yso/p94148
110|Hämeenlinnan maalaiskunta|http://www.yso.fi/onto/yso/p111569
139|Ii|http://www.yso.fi/onto/yso/p105167
140|Iisalmi|http://www.yso.fi/onto/yso/p94150
141|Iisalmen maalaiskunta|http://www.yso.fi/onto/yso/p110167
142|Iitti|http://www.yso.fi/onto/yso/p94151
143|Ikaalinen|http://www.yso.fi/onto/yso/p94152
144|Ikaalisten maalaiskunta|http://www.yso.fi/onto/yso/p176245
145|Ilmajoki|http://www.yso.fi/onto/yso/p105253
146|Ilomantsi|http://www.yso.fi/onto/yso/p94153
147|Impilahti|http://www.yso.fi/onto/yso/p94155
148|Inari|http://www.yso.fi/onto/yso/p105976
149|Inkoo|http://www.yso.fi/onto/yso/p94158
150|Iniö|http://www.yso.fi/onto/yso/p94157
151|Isojoki|http://www.yso.fi/onto/yso/p94159
152|Isokyrö|http://www.yso.fi/onto/yso/p106248
153|Imatra|http://www.yso.fi/onto/yso/p94154
162|Jaakkima|http://www.yso.fi/onto/yso/p107493
163|Jaala|http://www.yso.fi/onto/yso/p94162
164|Jalasjärvi|http://www.yso.fi/onto/yso/p94163
165|Janakkala|http://www.yso.fi/onto/yso/p94164
166|Jepua|http://www.yso.fi/onto/yso/p111844
167|Joensuu|http://www.yso.fi/onto/yso/p94166
168|Johannes|http://www.yso.fi/onto/yso/p106578
169|Jokioinen|http://www.yso.fi/onto/yso/p105729
170|Jomala|http://www.yso.fi/onto/yso/p94167
171|Joroinen|http://www.yso.fi/onto/yso/p108838
172|Joutsa|http://www.yso.fi/onto/yso/p105040
173|Joutseno|http://www.yso.fi/onto/yso/p105768
174|Juankoski|http://www.yso.fi/onto/yso/p94168
175|Jurva|http://www.yso.fi/onto/yso/p106321
176|Juuka|http://www.yso.fi/onto/yso/p94171
177|Juupajoki|http://www.yso.fi/onto/yso/p105034
178|Juva|http://www.yso.fi/onto/yso/p94172
179|Jyväskylä|http://www.yso.fi/onto/yso/p94173
180|Jyväskylän maalaiskunta|http://www.yso.fi/onto/yso/p105448
181|Jämijärvi|http://www.yso.fi/onto/yso/p94174
182|Jämsä|http://www.yso.fi/onto/yso/p94175
183|Jämsänkoski|http://www.yso.fi/onto/yso/p94176
184|Jäppilä|http://www.yso.fi/onto/yso/p110012
185|Jääski|http://www.yso.fi/onto/yso/p105366
186|Järvenpää|http://www.yso.fi/onto/yso/p94177
201|Karhula|http://www.yso.fi/onto/yso/p105238
202|Kaarina|http://www.yso.fi/onto/yso/p94178
203|Kaarlela|http://www.yso.fi/onto/yso/p109512
204|Kaavi|http://www.yso.fi/onto/yso/p94179
205|Kajaani|http://www.yso.fi/onto/yso/p94181
206|Kajaanin maalaiskunta|http://www.yso.fi/onto/yso/p105370
207|Kakskerta|http://www.yso.fi/onto/yso/p109378
208|Kalajoki|http://www.yso.fi/onto/yso/p94182
209|Kalanti|http://www.yso.fi/onto/yso/p94183
210|Kalvola|http://www.yso.fi/onto/yso/p105603
211|Kangasala|http://www.yso.fi/onto/yso/p94186
212|Kangaslampi|http://www.yso.fi/onto/yso/p116221
213|Kangasniemi|http://www.yso.fi/onto/yso/p105071
214|Kankaanpää|http://www.yso.fi/onto/yso/p94187
215|Kanneljärvi|http://www.yso.fi/onto/yso/p94188
216|Kannonkoski|http://www.yso.fi/onto/yso/p94189
217|Kannus|http://www.yso.fi/onto/yso/p105517
218|Karijoki|http://www.yso.fi/onto/yso/p94190
219|Karinainen|http://www.yso.fi/onto/yso/p108988
220|Karjaa|http://www.yso.fi/onto/yso/p94191
221|Karjaan maalaiskunta|http://www.yso.fi/onto/yso/p112094
222|Karjala|http://www.yso.fi/onto/yso/p94192
223|Karjalohja|http://www.yso.fi/onto/yso/p107252
224|Karkkila|http://www.yso.fi/onto/yso/p94193
225|Karkku|http://www.yso.fi/onto/yso/p105704
226|Karstula|http://www.yso.fi/onto/yso/p94194
227|Karttula|http://www.yso.fi/onto/yso/p94195
228|Karuna|http://www.yso.fi/onto/yso/p116325
229|Karunki|http://www.yso.fi/onto/yso/p105977
230|Karvia|http://www.yso.fi/onto/yso/p94196
231|Kaskinen|http://www.yso.fi/onto/yso/p110379
232|Kauhajoki|http://www.yso.fi/onto/yso/p94197
233|Kauhava|http://www.yso.fi/onto/yso/p105228
234|Kaukola|http://www.yso.fi/onto/yso/p107492
235|Kauniainen|http://www.yso.fi/onto/yso/p94199
236|Kaustinen|http://www.yso.fi/onto/yso/p106070
237|Kauvatsa|http://www.yso.fi/onto/yso/p105147
238|Keikyä|http://www.yso.fi/onto/yso/p105149
239|Keitele|http://www.yso.fi/onto/yso/p94200
240|Kemi|http://www.yso.fi/onto/yso/p94202
241|Keminmaa|http://www.yso.fi/onto/yso/p105351
242|Kemijärven maalaiskunta|http://www.yso.fi/onto/yso/p110089
243|Kemiö|http://www.yso.fi/onto/yso/p94204
244|Kempele|http://www.yso.fi/onto/yso/p105623
245|Kerava|http://www.yso.fi/onto/yso/p94205
246|Kerimäki|http://www.yso.fi/onto/yso/p105154
247|Kestilä|http://www.yso.fi/onto/yso/p105494
248|Kesälahti|http://www.yso.fi/onto/yso/p94208
249|Keuruu|http://www.yso.fi/onto/yso/p94209
250|Kihniö|http://www.yso.fi/onto/yso/p105160
251|Kiihtelysvaara|http://www.yso.fi/onto/yso/p105594
252|Kiikala|http://www.yso.fi/onto/yso/p108504
253|Kiikka|http://www.yso.fi/onto/yso/p105151
254|Kiikoinen|http://www.yso.fi/onto/yso/p110054
255|Kiiminki|http://www.yso.fi/onto/yso/p105245
256|Kinnula|http://www.yso.fi/onto/yso/p105678
257|Kirkkonummi|http://www.yso.fi/onto/yso/p94210
258|Kirvu|http://www.yso.fi/onto/yso/p94212
259|Kisko|http://www.yso.fi/onto/yso/p106071
260|Kitee|http://www.yso.fi/onto/yso/p105636
261|Kittilä|http://www.yso.fi/onto/yso/p94213
262|Kiukainen|http://www.yso.fi/onto/yso/p94214
263|Kiuruvesi|http://www.yso.fi/onto/yso/p105744
264|Kivennapa|http://www.yso.fi/onto/yso/p94215
265|Kivijärvi|http://www.yso.fi/onto/yso/p105691
266|Kodisjoki|http://www.yso.fi/onto/yso/p105530
267|Koijärvi|http://www.yso.fi/onto/yso/p105597
268|Koivisto|http://www.yso.fi/onto/yso/p105543
269|Koiviston maalaiskunta|http://www.yso.fi/onto/yso/p105543
270|Koivulahti|http://www.yso.fi/onto/yso/p106686
271|Kokemäki|http://www.yso.fi/onto/yso/p94216
272|Kokkola|http://www.yso.fi/onto/yso/p94217
273|Kolari|http://www.yso.fi/onto/yso/p94218
274|Konginkangas|http://www.yso.fi/onto/yso/p105410
275|Konnevesi|http://www.yso.fi/onto/yso/p106166
276|Kontiolahti|http://www.yso.fi/onto/yso/p105357
277|Korpilahti|http://www.yso.fi/onto/yso/p107734
278|Korpiselkä|http://www.yso.fi/onto/yso/p107973
279|Korppoo|http://www.yso.fi/onto/yso/p94221
280|Korsnäs|http://www.yso.fi/onto/yso/p105865
281|Kortesjärvi|http://www.yso.fi/onto/yso/p94222
282|Koskenpää|http://www.yso.fi/onto/yso/p110381
283|Hämeenkoski|http://www.yso.fi/onto/yso/p109476
284|Koski Tl|http://www.yso.fi/onto/yso/p94223
285|Kotka|http://www.yso.fi/onto/yso/p94224
286|Kouvola|http://www.yso.fi/onto/yso/p94225
287|Kristiinankaupunki|http://www.yso.fi/onto/yso/p94227
288|Kruunupyy|http://www.yso.fi/onto/yso/p94228
289|Kuhmalahti|http://www.yso.fi/onto/yso/p105104
290|Kuhmo|http://www.yso.fi/onto/yso/p94229
291|Kuhmoinen|http://www.yso.fi/onto/yso/p94230
292|Kuivaniemi|http://www.yso.fi/onto/yso/p105129
293|Kullaa|http://www.yso.fi/onto/yso/p106309
294|Kulosaari|http://www.yso.fi/onto/yso/p110186
295|Kumlinge|http://www.yso.fi/onto/yso/p94232
296|Kuolemajärvi|http://www.yso.fi/onto/yso/p105449
297|Kuopio|http://www.yso.fi/onto/yso/p94234
298|Kuopion maalaiskunta|http://www.yso.fi/onto/yso/p108094
299|Kuorevesi|http://www.yso.fi/onto/yso/p94235
300|Kuortane|http://www.yso.fi/onto/yso/p105459
301|Kurikka|http://www.yso.fi/onto/yso/p94236
302|Kurkijoki|http://www.yso.fi/onto/yso/p94237
303|Kuru|http://www.yso.fi/onto/yso/p94238
304|Kustavi|http://www.yso.fi/onto/yso/p94239
305|Kuusamo|http://www.yso.fi/onto/yso/p94240
306|Kuusankoski|http://www.yso.fi/onto/yso/p94241
307|Kuusisto|http://www.yso.fi/onto/yso/p123900
308|Kuusjoki|http://www.yso.fi/onto/yso/p94242
309|Outokumpu|http://www.yso.fi/onto/yso/p105070
310|Kylmäkoski|http://www.yso.fi/onto/yso/p106983
311|Kymi|http://www.yso.fi/onto/yso/p105214
312|Kyyjärvi|http://www.yso.fi/onto/yso/p105447
313|Käkisalmi|http://www.yso.fi/onto/yso/p108184
314|Käkisalmen maalaiskunta|http://www.yso.fi/onto/yso/p123906
315|Kälviä|http://www.yso.fi/onto/yso/p94244
316|Kärkölä|http://www.yso.fi/onto/yso/p105389
317|Kärsämäki|http://www.yso.fi/onto/yso/p94245
318|Kökar|http://www.yso.fi/onto/yso/p105054
319|Köyliö|http://www.yso.fi/onto/yso/p105536
320|Kemijärvi|http://www.yso.fi/onto/yso/p94203
321|Kyyrölä|http://www.yso.fi/onto/yso/p108234
322|Kemiönsaari|http://www.yso.fi/onto/yso/p163320
397|Lahdenpohja|http://www.yso.fi/onto/yso/p113531
398|Lahti|http://www.yso.fi/onto/yso/p94250
399|Laihia|http://www.yso.fi/onto/yso/p94251
400|Laitila|http://www.yso.fi/onto/yso/p94252
401|Lammi|http://www.yso.fi/onto/yso/p105152
402|Lapinlahti|http://www.yso.fi/onto/yso/p106881
403|Lappajärvi|http://www.yso.fi/onto/yso/p94254
404|Lappee|http://www.yso.fi/onto/yso/p105679
405|Lappeenranta|http://www.yso.fi/onto/yso/p94255
406|Lappi|http://www.yso.fi/onto/yso/p106143
407|Lapinjärvi|http://www.yso.fi/onto/yso/p106320
408|Lapua|http://www.yso.fi/onto/yso/p94257
409|Lapväärtti|http://www.yso.fi/onto/yso/p94258
410|Laukaa|http://www.yso.fi/onto/yso/p94260
411|Lauritsala|http://www.yso.fi/onto/yso/p105646
412|Lavansaari|http://www.yso.fi/onto/yso/p109456
413|Lavia|http://www.yso.fi/onto/yso/p106480
414|Lehtimäki|http://www.yso.fi/onto/yso/p105217
415|Leivonmäki|http://www.yso.fi/onto/yso/p94261
416|Lemi|http://www.yso.fi/onto/yso/p94262
417|Lemland|http://www.yso.fi/onto/yso/p94263
418|Lempäälä|http://www.yso.fi/onto/yso/p94264
419|Lemu|http://www.yso.fi/onto/yso/p108749
420|Leppävirta|http://www.yso.fi/onto/yso/p105010
421|Lestijärvi|http://www.yso.fi/onto/yso/p105794
422|Lieksa|http://www.yso.fi/onto/yso/p94266
423|Lieto|http://www.yso.fi/onto/yso/p105512
424|Liljendal|http://www.yso.fi/onto/yso/p106067
425|Liminka|http://www.yso.fi/onto/yso/p105171
426|Liperi|http://www.yso.fi/onto/yso/p94270
427, 444|Lohja|http://www.yso.fi/onto/yso/p94271
428|Lohjan kunta|http://www.yso.fi/onto/yso/p105579
429|Lohtaja|http://www.yso.fi/onto/yso/p94272
430|Loimaa|http://www.yso.fi/onto/yso/p94273
431|Loimaan kunta|http://www.yso.fi/onto/yso/p105996
432|Lokalahti|http://www.yso.fi/onto/yso/p110175
433|Loppi|http://www.yso.fi/onto/yso/p94274
434|Loviisa|http://www.yso.fi/onto/yso/p94277
435|Luhanka|http://www.yso.fi/onto/yso/p115616
436|Lumijoki|http://www.yso.fi/onto/yso/p94278
437|Lumivaara|http://www.yso.fi/onto/yso/p106016
438|Lumparland|http://www.yso.fi/onto/yso/p123951
439|Luopioinen|http://www.yso.fi/onto/yso/p105102
440|Luoto|http://www.yso.fi/onto/yso/p94279
441|Luumäki|http://www.yso.fi/onto/yso/p94280
442|Luvia|http://www.yso.fi/onto/yso/p105341
443|Längelmäki|http://www.yso.fi/onto/yso/p105874
445, 573|Parainen|http://www.yso.fi/onto/yso/p94327
475|Maalahti|http://www.yso.fi/onto/yso/p94283
476|Maaninka|http://www.yso.fi/onto/yso/p107738
477|Maaria|http://www.yso.fi/onto/yso/p105485
478|Maarianhamina|http://www.yso.fi/onto/yso/p94284
479|Maksamaa|http://www.yso.fi/onto/yso/p94285
480|Marttila|http://www.yso.fi/onto/yso/p94288
481|Masku|http://www.yso.fi/onto/yso/p105770
482|Mellilä|http://www.yso.fi/onto/yso/p105993
483|Merijärvi|http://www.yso.fi/onto/yso/p105891
484|Merikarvia|http://www.yso.fi/onto/yso/p105463
485|Merimasku|http://www.yso.fi/onto/yso/p105316
486|Messukylä|http://www.yso.fi/onto/yso/p110174
487|Metsämaa|http://www.yso.fi/onto/yso/p105994
488|Metsäpirtti|http://www.yso.fi/onto/yso/p105619
489|Miehikkälä|http://www.yso.fi/onto/yso/p105284
490|Mietoinen|http://www.yso.fi/onto/yso/p105728
491|Mikkeli|http://www.yso.fi/onto/yso/p94289
492|Mikkelin maalaiskunta|http://www.yso.fi/onto/yso/p105119
493|Mouhijärvi|http://www.yso.fi/onto/yso/p105158
494|Muhos|http://www.yso.fi/onto/yso/p94294
495|Multia|http://www.yso.fi/onto/yso/p106246
496|Munsala|http://www.yso.fi/onto/yso/p106677
497|Muolaa|http://www.yso.fi/onto/yso/p94295
498|Muonio|http://www.yso.fi/onto/yso/p94296
499|Mustasaari|http://www.yso.fi/onto/yso/p94297
500|Muurame|http://www.yso.fi/onto/yso/p105750
501|Muurla|http://www.yso.fi/onto/yso/p107502
502|Muuruvesi|http://www.yso.fi/onto/yso/p109149
503|Mynämäki|http://www.yso.fi/onto/yso/p94298
504|Myrskylä|http://www.yso.fi/onto/yso/p110895
505|Mäntsälä|http://www.yso.fi/onto/yso/p105326
506|Mänttä|http://www.yso.fi/onto/yso/p94301
507|Mäntyharju|http://www.yso.fi/onto/yso/p105076
508|Mänttä-Vilppula|http://www.yso.fi/onto/yso/p163326
529|Naantali|http://www.yso.fi/onto/yso/p94302
530|Naantalin maalaiskunta|http://www.yso.fi/onto/yso/p110170
531|Nakkila|http://www.yso.fi/onto/yso/p108279
532|Nastola|http://www.yso.fi/onto/yso/p105928
533|Nauvo|http://www.yso.fi/onto/yso/p94303
534|Nilsiä|http://www.yso.fi/onto/yso/p94306
535|Nivala|http://www.yso.fi/onto/yso/p94307
536|Nokia|http://www.yso.fi/onto/yso/p94308
537|Noormarkku|http://www.yso.fi/onto/yso/p105688
538|Nousiainen|http://www.yso.fi/onto/yso/p94310
539|Nuijamaa|http://www.yso.fi/onto/yso/p108338
540|Nummi-Pusula|http://www.yso.fi/onto/yso/p105360
541|Nurmes|http://www.yso.fi/onto/yso/p106097
542|Nurmeksen maalaiskunta|http://www.yso.fi/onto/yso/p219165
543|Nurmijärvi|http://www.yso.fi/onto/yso/p94312
544|Nurmo|http://www.yso.fi/onto/yso/p107330
545|Närpiö|http://www.yso.fi/onto/yso/p94313
559|Oravainen|http://www.yso.fi/onto/yso/p94315
560|Orimattila|http://www.yso.fi/onto/yso/p94316
561|Oripää|http://www.yso.fi/onto/yso/p94317
562|Orivesi|http://www.yso.fi/onto/yso/p94318
563|Oulainen|http://www.yso.fi/onto/yso/p94319
564|Oulu|http://www.yso.fi/onto/yso/p94320
565|Oulujoki|http://www.yso.fi/onto/yso/p105656
566|Oulunkylä|http://www.yso.fi/onto/yso/p110184
567|Oulunsalo|http://www.yso.fi/onto/yso/p105246
574|Paattinen|http://www.yso.fi/onto/yso/p112699
575|Paavola|http://www.yso.fi/onto/yso/p108431
576|Padasjoki|http://www.yso.fi/onto/yso/p94324
577|Paimio|http://www.yso.fi/onto/yso/p94325
578|Paltamo|http://www.yso.fi/onto/yso/p105582
579|Paraisten maalaiskunta|http://www.yso.fi/onto/yso/p176246
580|Parikkala|http://www.yso.fi/onto/yso/p106663
581|Parkano|http://www.yso.fi/onto/yso/p94328
582|Pattijoki|http://www.yso.fi/onto/yso/p105466
583|Pelkosenniemi|http://www.yso.fi/onto/yso/p105303
584|Perho|http://www.yso.fi/onto/yso/p94330
585|Pernaja|http://www.yso.fi/onto/yso/p105016
586|Perniö|http://www.yso.fi/onto/yso/p94331
587|Pertteli|http://www.yso.fi/onto/yso/p105169
588|Pertunmaa|http://www.yso.fi/onto/yso/p106412
589|Peräseinäjoki|http://www.yso.fi/onto/yso/p105376
590|Petolahti|http://www.yso.fi/onto/yso/p106064
591|Petsamo|http://www.yso.fi/onto/yso/p94333
592|Petäjävesi|http://www.yso.fi/onto/yso/p107116
593|Pieksämäki|http://www.yso.fi/onto/yso/p94334
594|Pieksämäen maalaiskunta|http://www.yso.fi/onto/yso/p105909
595|Pielavesi|http://www.yso.fi/onto/yso/p94335
596|Pielisensuu|http://www.yso.fi/onto/yso/p125457
597|Pielisjärvi|http://www.yso.fi/onto/yso/p105544
598|Pietarsaari|http://www.yso.fi/onto/yso/p94337
599|Pedersöre|http://www.yso.fi/onto/yso/p105289
600|Pihlajavesi|http://www.yso.fi/onto/yso/p121636
601|Pihtipudas|http://www.yso.fi/onto/yso/p105630
602|Piikkiö|http://www.yso.fi/onto/yso/p94338
603|Piippola|http://www.yso.fi/onto/yso/p108163
604, 994|Pirkkala|http://www.yso.fi/onto/yso/p94340
605|Pirttikylä|http://www.yso.fi/onto/yso/p94341
606|Pohja|http://www.yso.fi/onto/yso/p94342
607|Polvijärvi|http://www.yso.fi/onto/yso/p105725
608|Pomarkku|http://www.yso.fi/onto/yso/p108352
609|Pori|http://www.yso.fi/onto/yso/p94351
610|Porin maalaiskunta|http://www.yso.fi/onto/yso/p110171
611|Pornainen|http://www.yso.fi/onto/yso/p105540
612, 638|Porvoo|http://www.yso.fi/onto/yso/p94352
613|Porvoon maalaiskunta|http://www.yso.fi/onto/yso/p94353
614|Posio|http://www.yso.fi/onto/yso/p105232
615|Pudasjärvi|http://www.yso.fi/onto/yso/p105130
616|Pukkila|http://www.yso.fi/onto/yso/p105805
617|Pulkkila|http://www.yso.fi/onto/yso/p109308
618|Punkaharju|http://www.yso.fi/onto/yso/p94354
619|Punkalaidun|http://www.yso.fi/onto/yso/p94355
620|Puolanka|http://www.yso.fi/onto/yso/p105495
621|Purmo|http://www.yso.fi/onto/yso/p105521
622|Pusula|http://www.yso.fi/onto/yso/p105356
623|Puumala|http://www.yso.fi/onto/yso/p109463
624|Pyhtää|http://www.yso.fi/onto/yso/p94357
625|Pyhäjoki|http://www.yso.fi/onto/yso/p94360
626|Pyhäjärvi|http://www.yso.fi/onto/yso/p106684
627|Pyhäjärvi Ul|http://www.yso.fi/onto/yso/p105191
628|Pyhäjärvi Vpl|http://www.yso.fi/onto/yso/p94361
629|Pyhämaa|http://www.yso.fi/onto/yso/p106262
630|Pyhäntä|http://www.yso.fi/onto/yso/p105126
631|Pyhäranta|http://www.yso.fi/onto/yso/p108354
632|Pyhäselkä|http://www.yso.fi/onto/yso/p105132
633|Pylkönmäki|http://www.yso.fi/onto/yso/p105585
634|Pälkjärvi|http://www.yso.fi/onto/yso/p107969
635|Pälkäne|http://www.yso.fi/onto/yso/p94365
636|Pöytyä|http://www.yso.fi/onto/yso/p94366
637|Pohjaslahti|http://www.yso.fi/onto/yso/p105588
640|Pieksänmaa|http://www.yso.fi/onto/yso/p128613
678|Raahe|http://www.yso.fi/onto/yso/p105112
679|Raippaluoto|http://www.yso.fi/onto/yso/p105764
680|Raisio|http://www.yso.fi/onto/yso/p105342
681|Rantasalmi|http://www.yso.fi/onto/yso/p94371
682|Rantsila|http://www.yso.fi/onto/yso/p107251
683|Ranua|http://www.yso.fi/onto/yso/p105777
684|Rauma|http://www.yso.fi/onto/yso/p94372
685|Rauman maalaiskunta|http://www.yso.fi/onto/yso/p105210
686|Rautalampi|http://www.yso.fi/onto/yso/p105201
687|Rautavaara|http://www.yso.fi/onto/yso/p94373
688|Rautio|http://www.yso.fi/onto/yso/p94374
689|Rautjärvi|http://www.yso.fi/onto/yso/p94375
690|Rautu|http://www.yso.fi/onto/yso/p107726
691|Reisjärvi|http://www.yso.fi/onto/yso/p105371
692|Renko|http://www.yso.fi/onto/yso/p94376
693|Revonlahti|http://www.yso.fi/onto/yso/p108433
694|Riihimäki|http://www.yso.fi/onto/yso/p94377
695|Riistavesi|http://www.yso.fi/onto/yso/p105896
696|Ristiina|http://www.yso.fi/onto/yso/p94379
697|Ristijärvi|http://www.yso.fi/onto/yso/p94380
698|Rovaniemi|http://www.yso.fi/onto/yso/p94382
699|Rovaniemen maalaiskunta|http://www.yso.fi/onto/yso/p105307
700|Ruokolahti|http://www.yso.fi/onto/yso/p105546
701|Ruotsinpyhtää|http://www.yso.fi/onto/yso/p105693
702|Ruovesi|http://www.yso.fi/onto/yso/p94385
703|Ruskeala|http://www.yso.fi/onto/yso/p107971
704|Rusko|http://www.yso.fi/onto/yso/p94386
705|Rymättylä|http://www.yso.fi/onto/yso/p94387
706|Räisälä|http://www.yso.fi/onto/yso/p105265
707|Rääkkylä|http://www.yso.fi/onto/yso/p106958
708|Ruukki|http://www.yso.fi/onto/yso/p108432
710|Raasepori|http://www.yso.fi/onto/yso/p163327
728|Saari|http://www.yso.fi/onto/yso/p107970
729|Saarijärvi|http://www.yso.fi/onto/yso/p94389
730|Sahalahti|http://www.yso.fi/onto/yso/p105103
731|Sakkola|http://www.yso.fi/onto/yso/p94393
732|Salla|http://www.yso.fi/onto/yso/p94395
733|Salmi|http://www.yso.fi/onto/yso/p105241
734|Salo|http://www.yso.fi/onto/yso/p94396
735|Saloinen|http://www.yso.fi/onto/yso/p105799
736|Saltvik|http://www.yso.fi/onto/yso/p105204
737|Sammatti|http://www.yso.fi/onto/yso/p108102
738|Sauvo|http://www.yso.fi/onto/yso/p94400
739|Savitaipale|http://www.yso.fi/onto/yso/p105545
740|Savonlinna|http://www.yso.fi/onto/yso/p94402
741|Savonranta|http://www.yso.fi/onto/yso/p105222
742|Savukoski|http://www.yso.fi/onto/yso/p108400
743|Seinäjoki|http://www.yso.fi/onto/yso/p94404
744|Seinäjoen maalaiskunta|http://www.yso.fi/onto/yso/p134236
745|Seiskari|http://www.yso.fi/onto/yso/p107645
746|Sievi|http://www.yso.fi/onto/yso/p94408
747|Siikainen|http://www.yso.fi/onto/yso/p105529
748|Siikajoki|http://www.yso.fi/onto/yso/p105478
749|Siilinjärvi|http://www.yso.fi/onto/yso/p105226
750|Siipyy|http://www.yso.fi/onto/yso/p94409
751|Simo|http://www.yso.fi/onto/yso/p94411
752|Simpele|http://www.yso.fi/onto/yso/p94412
753|Sipoo|http://www.yso.fi/onto/yso/p94413
754|Anjalankoski|http://www.yso.fi/onto/yso/p94090
755|Siuntio|http://www.yso.fi/onto/yso/p94414
756|Snappertuna|http://www.yso.fi/onto/yso/p106420
757|Soanlahti|http://www.yso.fi/onto/yso/p111191
758|Sodankylä|http://www.yso.fi/onto/yso/p94415
759|Soini|http://www.yso.fi/onto/yso/p105218
760|Somerniemi|http://www.yso.fi/onto/yso/p105583
761|Somero|http://www.yso.fi/onto/yso/p105361
762|Sonkajärvi|http://www.yso.fi/onto/yso/p94417
763|Sortavala|http://www.yso.fi/onto/yso/p105300
764|Sortavalan maalaiskunta|http://www.yso.fi/onto/yso/p105906
765|Sotkamo|http://www.yso.fi/onto/yso/p94418
766|Sottunga|http://www.yso.fi/onto/yso/p111934
767|Suistamo|http://www.yso.fi/onto/yso/p107637
768|Sulkava|http://www.yso.fi/onto/yso/p105317
769|Sulva|http://www.yso.fi/onto/yso/p94422
770|Sumiainen|http://www.yso.fi/onto/yso/p108539
771|Sund|http://www.yso.fi/onto/yso/p94423
772|Suodenniemi|http://www.yso.fi/onto/yso/p121213
773|Suojärvi|http://www.yso.fi/onto/yso/p105450
774|Suolahti|http://www.yso.fi/onto/yso/p105888
775|Suomenniemi|http://www.yso.fi/onto/yso/p105613
776|Suomusjärvi|http://www.yso.fi/onto/yso/p94428
777|Suomussalmi|http://www.yso.fi/onto/yso/p105689
778|Suonenjoki|http://www.yso.fi/onto/yso/p94429
779|Suoniemi|http://www.yso.fi/onto/yso/p110756
780|Suursaari|http://www.yso.fi/onto/yso/p106662
781|Sysmä|http://www.yso.fi/onto/yso/p115084
782|Säkkijärvi|http://www.yso.fi/onto/yso/p94431
783|Säkylä|http://www.yso.fi/onto/yso/p105804
784|Särkisalo|http://www.yso.fi/onto/yso/p105394
785|Vaala|http://www.yso.fi/onto/yso/p106819
786|Säyneinen|http://www.yso.fi/onto/yso/p105712
787|Säynätsalo|http://www.yso.fi/onto/yso/p105268
788|Sääksmäki|http://www.yso.fi/onto/yso/p94432
789|Sääminki|http://www.yso.fi/onto/yso/p106112
790|Sastamala|http://www.yso.fi/onto/yso/p107725
791|Siikalatva|http://www.yso.fi/onto/yso/p163329
831|Taipalsaari|http://www.yso.fi/onto/yso/p109006
832|Taivalkoski|http://www.yso.fi/onto/yso/p106817
833|Taivassalo|http://www.yso.fi/onto/yso/p94433
834|Tammela|http://www.yso.fi/onto/yso/p105260
835|Tammisaari|http://www.yso.fi/onto/yso/p94435
836|Tammisaaren maalaiskunta|http://www.yso.fi/onto/yso/p112087
837|Tampere|http://www.yso.fi/onto/yso/p94436
838|Tarvasjoki|http://www.yso.fi/onto/yso/p105727
839|Teerijärvi|http://www.yso.fi/onto/yso/p94440
840|Teisko|http://www.yso.fi/onto/yso/p108505
841|Temmes|http://www.yso.fi/onto/yso/p105172
842|Tenhola|http://www.yso.fi/onto/yso/p105861
843|Terijoki|http://www.yso.fi/onto/yso/p105780
844|Tervo|http://www.yso.fi/onto/yso/p94441
845|Tervola|http://www.yso.fi/onto/yso/p94442
846|Teuva|http://www.yso.fi/onto/yso/p94443
847|Tiukka|http://www.yso.fi/onto/yso/p111846
848|Tohmajärvi|http://www.yso.fi/onto/yso/p105508
849|Toholampi|http://www.yso.fi/onto/yso/p105795
850|Toivakka|http://www.yso.fi/onto/yso/p94445
851|Tornio|http://www.yso.fi/onto/yso/p94446
852|Tottijärvi|http://www.yso.fi/onto/yso/p110574
853|Turku|http://www.yso.fi/onto/yso/p94447
854|Pello|http://www.yso.fi/onto/yso/p105479
855|Tuulos|http://www.yso.fi/onto/yso/p94451
856|Tuupovaara|http://www.yso.fi/onto/yso/p105749
857|Tuusniemi|http://www.yso.fi/onto/yso/p106571
858|Tuusula|http://www.yso.fi/onto/yso/p94452
859|Tyrnävä|http://www.yso.fi/onto/yso/p105372
860|Tyrväntö|http://www.yso.fi/onto/yso/p106322
861|Tyrvää|http://www.yso.fi/onto/yso/p94453
862|Tytärsaari|http://www.yso.fi/onto/yso/p109455
863|Töysä|http://www.yso.fi/onto/yso/p94454
864|Toijala|http://www.yso.fi/onto/yso/p94444
885|Ullava|http://www.yso.fi/onto/yso/p94455
886|Ulvila|http://www.yso.fi/onto/yso/p94456
887|Urjala|http://www.yso.fi/onto/yso/p106255
888|Uskela|http://www.yso.fi/onto/yso/p109879
889|Utajärvi|http://www.yso.fi/onto/yso/p94458
890|Utsjoki|http://www.yso.fi/onto/yso/p94459
891|Uukuniemi|http://www.yso.fi/onto/yso/p107591
892|Uurainen|http://www.yso.fi/onto/yso/p105836
893|Uusikaarlepyy|http://www.yso.fi/onto/yso/p94462
894|Uudenkaarlepyyn maalaiskunta|http://www.yso.fi/onto/yso/p111845
895|Uusikaupunki|http://www.yso.fi/onto/yso/p94463
896|Uudenkaupungin maalaiskunta|http://www.yso.fi/onto/yso/p110176
897|Uusikirkko|http://www.yso.fi/onto/yso/p94464
905|Vaasa|http://www.yso.fi/onto/yso/p94466
906|Vahto|http://www.yso.fi/onto/yso/p108747
907|Vahviala|http://www.yso.fi/onto/yso/p106714
908|Valkeakoski|http://www.yso.fi/onto/yso/p94469
909|Valkeala|http://www.yso.fi/onto/yso/p94470
910|Valkjärvi|http://www.yso.fi/onto/yso/p107488
911|Valtimo|http://www.yso.fi/onto/yso/p108501
912|Vammala|http://www.yso.fi/onto/yso/p94471
913|Vampula|http://www.yso.fi/onto/yso/p94472
914|Vanaja|http://www.yso.fi/onto/yso/p106323
915|Varkaus|http://www.yso.fi/onto/yso/p105237
916|Varpaisjärvi|http://www.yso.fi/onto/yso/p94475
917|Vehkalahti|http://www.yso.fi/onto/yso/p105199
918|Vehmaa|http://www.yso.fi/onto/yso/p94478
919|Vehmersalmi|http://www.yso.fi/onto/yso/p106675
920|Velkua|http://www.yso.fi/onto/yso/p105298
921|Vesanto|http://www.yso.fi/onto/yso/p105800
922|Vesilahti|http://www.yso.fi/onto/yso/p94480
923|Västanfjärd|http://www.yso.fi/onto/yso/p108813
924|Veteli|http://www.yso.fi/onto/yso/p94481
925|Vieremä|http://www.yso.fi/onto/yso/p94482
926|Vihanti|http://www.yso.fi/onto/yso/p105467
927|Vihti|http://www.yso.fi/onto/yso/p94484
928|Viiala|http://www.yso.fi/onto/yso/p94485
929|Viipuri|http://www.yso.fi/onto/yso/p94486
930|Viipurin maalaiskunta|http://www.yso.fi/onto/yso/p105856
931|Viitasaari|http://www.yso.fi/onto/yso/p94487
932|Viljakkala|http://www.yso.fi/onto/yso/p110106
933|Vilppula|http://www.yso.fi/onto/yso/p105340
934|Vimpeli|http://www.yso.fi/onto/yso/p105219
935|Virolahti|http://www.yso.fi/onto/yso/p94490
936|Virrat|http://www.yso.fi/onto/yso/p94491
937|Virtasalmi|http://www.yso.fi/onto/yso/p113329
938|Vuoksela|http://www.yso.fi/onto/yso/p106298
939|Vuoksenranta|http://www.yso.fi/onto/yso/p94492
940|Vuolijoki|http://www.yso.fi/onto/yso/p105173
941|Vårdö|http://www.yso.fi/onto/yso/p104969
942|Vähäkyrö|http://www.yso.fi/onto/yso/p108991
943|Värtsilä|http://www.yso.fi/onto/yso/p107972
944, 946|Vöyri|http://www.yso.fi/onto/yso/p94493
945|Vöyri-Maksamaa|http://www.yso.fi/onto/yso/p150235
971|Ylihärmä|http://www.yso.fi/onto/yso/p94495
972|Yli-Ii|http://www.yso.fi/onto/yso/p109587
973|Ylikiiminki|http://www.yso.fi/onto/yso/p94496
974|Ylimarkku|http://www.yso.fi/onto/yso/p108289
975|Ylistaro|http://www.yso.fi/onto/yso/p94497
976|Ylitornio|http://www.yso.fi/onto/yso/p94498
977|Ylivieska|http://www.yso.fi/onto/yso/p94499
978|Ylämaa|http://www.yso.fi/onto/yso/p94500
979|Yläne|http://www.yso.fi/onto/yso/p94501
980|Ylöjärvi|http://www.yso.fi/onto/yso/p105248
981|Ypäjä|http://www.yso.fi/onto/yso/p105542
988|Äetsä|http://www.yso.fi/onto/yso/p105150
989|Ähtäri|http://www.yso.fi/onto/yso/p100490
990|Ähtävä|http://www.yso.fi/onto/yso/p105522
991|Äyräpää|http://www.yso.fi/onto/yso/p108774
992|Äänekoski|http://www.yso.fi/onto/yso/p100491
993|Äänekosken maalaiskunta|http://www.yso.fi/onto/yso/p113262
997|Öja|http://www.yso.fi/onto/yso/p112505